date,RZ_ID,Year,Month,LoS,buffer,ep_total,ep_mean,q50_anomaly_total,q75_anomaly_total,q90_anomaly_total,q50_deficit_total,Day
2020-01-01,36,2020,1,0,25.0,-7.000858636,-2.3336195453333333,1.9857715129999995,-1.4321814264999997,-3.7935373687600014,0.0,1
2020-02-01,36,2020,2,0,25.0,-10.96904156,-3.656347186666667,-4.411514434400001,-7.162153116800001,-8.690109170600003,4.411514434400001,1
2020-03-01,36,2020,3,0,25.0,-1.987605264,-0.6625350879999999,2.0038961867999996,-0.5309469947999998,-2.6770696740000006,0.0,1
2020-04-01,36,2020,4,0,25.0,-0.8747796480000003,-0.2915932160000001,-1.1442190248000006,-3.4336240962,-6.117130363584002,1.1442190248000006,1
2020-05-01,36,2020,5,0,25.0,-1.8326890872000003,-0.6108963624000001,-4.624702901999999,-7.834860513600001,-10.334301565872,4.624702901999999,1
2020-06-01,36,2020,6,0,25.0,8.488279220799999,2.829426406933333,4.609514969199999,0.15918750879999877,-3.358985618000002,0.0,1
2020-07-01,36,2020,7,0,25.0,-1.0447969888,-0.34826566293333333,-8.158082910400001,-12.614801162200001,-15.114208225263999,8.158082910400001,1
2020-08-01,36,2020,8,0,25.0,0.3086870415999998,0.10289568053333327,-3.8660214224000002,-7.281702704,-9.5072985404,3.8660214224000002,1
2020-09-01,36,2020,9,0,25.0,3.6791456536,1.2263818845333334,5.152110142,2.2890673912,0.3913340483199992,0.0,1
2020-10-01,36,2020,10,0,25.0,-11.436532929999998,-3.812177643333333,-6.252355316799998,-9.664758160599998,-11.996015645176001,6.252355316799998,1
2020-11-01,36,2020,11,0,25.0,-11.080930386,-3.6936434620000003,-2.236193619,-5.7549386736,-7.664249360760001,2.236193619,1
2020-12-01,36,2020,12,0,25.0,-11.086318325,-3.6954394416666667,-1.360820309600001,-4.5715917533,-6.988324483280001,1.360820309600001,1
2021-01-01,36,2021,1,0,25.0,-0.8800528324000001,-0.29335094413333335,8.1065773166,4.6886243771,2.327268434839999,0.0,1
2021-02-01,36,2021,2,0,25.0,-4.0181367972,-1.3393789324,2.5393903283999997,-0.2112483540000003,-1.7392044078000017,0.0,1
2021-03-01,36,2021,3,0,25.0,0.6450652880000001,0.2150217626666667,4.636566738799999,2.1017235572,-0.044399122000000624,0.0,1
2021-04-01,36,2021,4,0,25.0,2.5062156535999995,0.8354052178666665,2.2367762767999992,-0.05262879460000036,-2.7361350619840024,0.0,1
2021-05-01,36,2021,5,0,25.0,7.7459108104,2.581970270133333,4.953896995600001,1.7437393839999995,-0.7557016682719997,0.0,1
2021-06-01,36,2021,6,0,25.0,15.2987341736,5.099578057866666,11.419969922,6.9696424615999995,3.4514693347999987,0.0,1
2021-07-01,36,2021,7,0,25.0,7.1535484471999995,2.3845161490666666,0.04026252559999932,-4.4164557262000015,-6.915862789264,0.0,1
2021-08-01,36,2021,8,0,25.0,10.102102042399999,3.3673673474666663,5.9273935783999985,2.511712296799999,0.28611646039999705,0.0,1
2021-09-01,36,2021,9,0,25.0,-7.2219202944,-2.4073067648,-5.748955806000001,-8.6119985568,-10.509731899680002,5.748955806000001,1
2021-10-01,36,2021,10,0,25.0,-10.6453838952,-3.5484612984,-5.461206282,-8.8736091258,-11.204866610376001,5.461206282,1
2021-11-01,36,2021,11,0,25.0,-13.021441500399998,-4.340480500133332,-4.176704733399998,-7.695449787999998,-9.604760475159999,4.176704733399998,1
2021-12-01,36,2021,12,0,25.0,-9.8459927436,-3.2819975812,-0.12049472820000062,-3.3312661718999994,-5.747998901880001,0.12049472820000062,1
2022-01-01,36,2022,1,0,25.0,-9.0745539256,-3.0248513085333335,-0.08792377660000028,-3.5058767160999995,-5.867232658360001,0.08792377660000028,1
2022-02-01,36,2022,2,0,25.0,-8.762251502,-2.9207505006666667,-2.2047243763999997,-4.9553630588,-6.483319112600001,2.2047243763999997,1
2022-03-01,36,2022,3,0,25.0,1.4228404590400001,0.47428015301333337,5.414341909839999,2.87949872824,0.7333760490399994,0.0,1
2022-04-01,36,2022,4,0,25.0,-4.9395052144000005,-1.6465017381333336,-5.208944591200001,-7.498349662600001,-10.181855929984003,5.208944591200001,1
2022-05-01,36,2022,5,0,25.0,5.5093122160000005,1.8364374053333334,2.717298401200001,-0.4928592103999998,-2.992300262671999,0.0,1
2022-06-01,36,2022,6,0,25.0,-1.9206171759999995,-0.6402057253333332,-5.7993814276,-10.249708888,-13.767882014800001,5.7993814276,1
2022-07-01,36,2022,7,0,25.0,3.4982116112000003,1.1660705370666669,-3.6150743104,-8.0717925622,-10.571199625263999,3.6150743104,1
2022-08-01,36,2022,8,0,25.0,-0.2331797487999996,-0.07772658293333319,-4.4078882128,-7.823569494399999,-10.049165330800001,4.4078882128,1
2022-09-01,36,2022,9,0,25.0,-2.7285404632000008,-0.9095134877333336,-1.255575974800001,-4.118618725600001,-6.016352068480002,1.255575974800001,1
2022-10-01,36,2022,10,0,25.0,-0.6028503496,-0.2009501165333333,4.5813272636,1.1689244198,-1.162333064776002,0.0,1
2022-11-01,36,2022,11,0,25.0,-5.7963144576,-1.9321048192,3.0484223094000003,-0.47032274519999984,-2.379633432360001,0.0,1
2022-12-01,36,2022,12,0,25.0,-7.7627850696,-2.5875950232,1.9627129457999999,-1.248058497899999,-3.6647912278800003,0.0,1
2023-01-01,36,2023,1,0,25.0,-6.121259478000001,-2.0404198260000004,2.865370670999999,-0.5525822685000001,-2.913938210760002,0.0,1
2023-02-01,36,2023,2,0,25.0,-7.1876722208,-2.3958907402666667,-0.6301450951999996,-3.3807837775999996,-4.908739831400001,0.6301450951999996,1
2023-03-01,36,2023,3,0,25.0,-4.1080004292,-1.3693334763999998,-0.11649897840000012,-2.6513421599999996,-4.7974648392,0.11649897840000012,1
2023-04-01,36,2023,4,0,25.0,6.097855899040001,2.0326186330133336,5.82841652224,3.539011450840001,0.8555051834559988,0.0,1
2023-05-01,36,2023,5,0,25.0,-1.010055017600001,-0.336685005866667,-3.8020688324000003,-7.012226444000001,-9.511667496272,3.8020688324000003,1
2023-06-01,36,2023,6,0,25.0,1.9905986824,0.6635328941333333,-1.8881655692000003,-6.3384930296,-9.856666156400001,1.8881655692000003,1
2023-07-01,36,2023,7,0,25.0,14.06797224672,4.68932408224,6.95468632512,2.497968073319999,-0.0014389897439990307,0.0,1
2023-08-01,36,2023,8,0,25.0,9.21687842672,3.0722928089066666,5.042169962719999,1.6264886811199997,-0.5991071552800022,0.0,1
2023-09-01,36,2023,9,0,25.0,-2.5980257608000006,-0.8660085869333335,-1.1250612724000009,-3.9881040232000005,-5.885837366080001,1.1250612724000009,1
2023-10-01,36,2023,10,0,25.0,-4.2171539592,-1.4057179864,0.9670236540000001,-2.4453791898,-4.776636674376002,0.0,1
2023-11-01,36,2023,11,0,25.0,-12.2203005752,-4.073433525066666,-3.375563808199999,-6.894308862799999,-8.80361954996,3.375563808199999,1
2023-12-01,36,2023,12,0,25.0,-12.948355902,-4.3161186339999995,-3.2228578866,-6.433629330299999,-8.85036206028,3.2228578866,1
2024-01-01,36,2024,1,0,25.0,-4.008949488,-1.336316496,4.977680661,1.5597277215000007,-0.801628220760001,0.0,1
2024-02-01,36,2024,2,0,25.0,-5.1492309736,-1.7164103245333333,1.4082961520000001,-1.3423425303999998,-2.8702985842000013,0.0,1
2024-03-01,36,2024,3,0,25.0,-8.7530771288,-2.9176923762666664,-4.761575678,-7.296418859599999,-9.4425415388,4.761575678,1
2024-04-01,36,2024,4,0,25.0,-0.9665595479999998,-0.3221865159999999,-1.2359989248,-3.5254039961999997,-6.208910263584002,1.2359989248,1
2024-05-01,36,2024,5,0,25.0,-2.3089793704000003,-0.7696597901333334,-5.1009931852,-8.3111507968,-10.810591849072,5.1009931852,1
2024-06-01,36,2024,6,0,25.0,-18.344477356,-6.114825785333333,-22.2232416076,-26.673569068,-30.1917421948,22.2232416076,1
2024-07-01,36,2024,7,0,25.0,3.226280064,1.075426688,-3.8870058576,-8.3437241094,-10.843131172463998,3.8870058576,1
2024-08-01,36,2024,8,0,25.0,1.2636174568000003,0.4212058189333334,-2.9110910071999996,-6.326772288799999,-8.552368125200001,2.9110910071999996,1
2024-09-01,36,2024,9,0,25.0,0.7013014095999999,0.23376713653333328,2.174265898,-0.6887768528,-2.5865101956800007,0.0,1
2024-10-01,36,2024,10,0,25.0,-7.05661766,-2.3522058866666664,-1.8724400467999995,-5.2848428906,-7.616100375176002,1.8724400467999995,1
2024-11-01,36,2024,11,0,25.0,-4.7087555268,-1.5695851756,4.1359812402000005,0.6172361856000004,-1.2920745015600006,0.0,1
2024-12-01,36,2024,12,0,25.0,-3.3922124003999996,-1.1307374667999999,6.333285614999999,3.122514171300001,0.7057814413199996,0.0,1
2025-01-01,36,2025,1,0,25.0,-14.0480174152,-4.6826724717333335,-5.061387266200001,-8.4793402057,-10.840696147960001,5.061387266200001,1
2025-02-01,36,2025,2,0,25.0,-4.2794176704,-1.4264725568,2.2781094552,-0.4725292271999999,-2.0004852810000013,0.0,1
2025-03-01,36,2025,3,0,25.0,-2.4845543336,-0.8281847778666668,1.5069471171999993,-1.0278960644000001,-3.174018743600001,0.0,1
2025-04-01,36,2025,4,0,25.0,3.9345665512,1.3115221837333333,3.6651271744,1.3757221030000002,-1.3077841643840018,0.0,1
2025-05-01,36,2025,5,0,25.0,-6.9660975464,-2.322032515466667,-9.7581113612,-12.9682689728,-15.467710025072,9.7581113612,1
2025-06-01,36,2025,6,0,25.0,1.2547302663999997,0.41824342213333326,-2.6240339852000005,-7.074361445600001,-10.592534572400002,2.6240339852000005,1
2025-07-01,36,2025,7,0,25.0,8.9286634904,2.9762211634666667,1.8153775687999998,-2.641340683000001,-5.140747746063999,0.0,1
2025-08-01,36,2025,8,0,25.0,2.8286982408,0.9428994136000001,-1.3460102232,-4.7616915048,-6.987287341200002,1.3460102232,1
2025-09-01,36,2025,9,0,25.0,1.9184130175999996,0.6394710058666665,3.3913775059999995,0.5283347551999997,-1.3693985876800012,0.0,1
2025-10-01,36,2025,10,0,25.0,-4.3417087464,-1.4472362488000001,0.8424688668,-2.5699339770000003,-4.901191461576002,0.0,1
2025-11-01,36,2025,11,0,25.0,-5.4413441268,-1.8137813755999999,3.4033926402000008,-0.11535241439999933,-2.0246631015600003,0.0,1
2025-12-01,36,2025,12,0,25.0,-4.7684815958,-1.5894938652666666,4.9570164195999995,1.7462449759000007,-0.6704877540800007,0.0,1
2026-01-01,36,2026,1,0,25.0,-16.21832262,-5.40610754,-7.231692470999999,-10.649645410499998,-13.01100135276,7.231692470999999,1
2026-02-01,36,2026,2,0,25.0,-4.123757728,-1.3745859093333335,2.4337693976,-0.3168692848000001,-1.8448253386000015,0.0,1
2026-03-01,36,2026,3,0,25.0,-4.1106255852,-1.3702085284,-0.11912413440000069,-2.653967316,-4.8000899952000005,0.11912413440000069,1
2026-04-01,36,2026,4,0,25.0,-2.2419920184000004,-0.7473306728000001,-2.5114313952000007,-4.8008364666,-7.484342733984002,2.5114313952000007,1
2026-05-01,36,2026,5,0,25.0,4.653878496,1.551292832,1.8618646812000006,-1.3482929304000004,-3.8477339826719996,0.0,1
2026-06-01,36,2026,6,0,25.0,3.3375930168,1.1125310056,-0.5411712348000002,-4.991498695200001,-8.509671822000001,0.5411712348000002,1
2026-07-01,36,2026,7,0,25.0,10.1334871352,3.3778290450666666,3.020201213599999,-1.4365170382000017,-3.935924101264,0.0,1
2026-08-01,36,2026,8,0,25.0,3.5398177784000002,1.1799392594666667,-0.6348906855999998,-4.0505719672,-6.276167803600002,0.6348906855999998,1
2026-09-01,36,2026,9,0,25.0,-0.5980086688000004,-0.19933622293333345,0.8749558195999994,-1.9880869312000002,-3.885820274080001,0.0,1
2026-10-01,36,2026,10,0,25.0,-3.59962216,-1.1998740533333334,1.5845554532000001,-1.8278473906000001,-4.159104875176002,0.0,1
2026-11-01,36,2026,11,0,25.0,-10.787186882,-3.595728960666667,-1.9424501149999998,-5.4611951696,-7.370505856760001,1.9424501149999998,1
2026-12-01,36,2026,12,0,25.0,-10.1209723132,-3.3736574377333333,-0.3954742977999999,-3.6062457414999987,-6.02297847148,0.3954742977999999,1
2027-01-01,36,2027,1,0,25.0,-13.3115312692,-4.437177089733333,-4.3249011202,-7.742854059699999,-10.10421000196,4.3249011202,1
2027-02-01,36,2027,2,0,25.0,-3.3800856240000003,-1.1266952080000001,3.1774415015999997,0.42680281919999974,-1.1011532346000017,0.0,1
2027-03-01,36,2027,3,0,25.0,-0.34893664400000013,-0.1163122146666667,3.6425648067999994,1.1077216252,-1.0384010540000008,0.0,1
2027-04-01,36,2027,4,0,25.0,0.06385523360000023,0.02128507786666674,-0.20558414320000007,-2.4949892145999994,-5.178495481984002,0.20558414320000007,1
2027-05-01,36,2027,5,0,25.0,-0.2566050959999995,-0.08553503199999983,-3.048618910799999,-6.2587765224,-8.758217574671999,3.048618910799999,1
2027-06-01,36,2027,6,0,25.0,-2.9606162696000005,-0.9868720898666669,-6.839380521200001,-11.289707981600001,-14.807881108400002,6.839380521200001,1
2027-07-01,36,2027,7,0,25.0,-0.09065549520000005,-0.030218498400000016,-7.2039414168,-11.660659668600001,-14.160066731664,7.2039414168,1
2027-08-01,36,2027,8,0,25.0,6.4878660816,2.1626220272,2.3131576176,-1.1025236639999996,-3.3281195004000015,0.0,1
2027-09-01,36,2027,9,0,25.0,-7.8016036624,-2.600534554133333,-6.328639174,-9.1916819248,-11.08941526768,6.328639174,1
2027-10-01,36,2027,10,0,25.0,-19.309686990000003,-6.436562330000001,-14.125509376800004,-17.537912220600003,-19.869169705176006,14.125509376800004,1
2027-11-01,36,2027,11,0,25.0,-8.6823123132,-2.8941041044,0.16242445379999992,-3.3563206008,-5.265631287960002,0.0,1
2027-12-01,36,2027,12,0,25.0,-11.1514771264,-3.7171590421333334,-1.4259791110000002,-4.636750554699999,-7.05348328468,1.4259791110000002,1
2028-01-01,36,2028,1,0,25.0,-11.0990317556,-3.699677251866667,-2.1124016066000006,-5.5303545461,-7.891710488360001,2.1124016066000006,1
2028-02-01,36,2028,2,0,25.0,-15.553342334,-5.184447444666667,-8.9958152084,-11.7464538908,-13.274409944600002,8.9958152084,1
2028-03-01,36,2028,3,0,25.0,-10.2848506808,-3.428283560266667,-6.2933492300000005,-8.8281924116,-10.974315090800001,6.2933492300000005,1
2028-04-01,36,2028,4,0,25.0,-0.5820560072000001,-0.19401866906666668,-0.8514953840000004,-3.1409004553999997,-5.824406722784002,0.8514953840000004,1
2028-05-01,36,2028,5,0,25.0,-3.0322585831999995,-1.0107528610666665,-5.824272397999999,-9.0344300096,-11.533871061871999,5.824272397999999,1
2028-06-01,36,2028,6,0,25.0,-1.056938856,-0.35231295199999996,-4.9357031076,-9.386030568,-12.904203694800001,4.9357031076,1
2028-07-01,36,2028,7,0,25.0,-1.1892664703999993,-0.39642215679999976,-8.302552391999999,-12.7592706438,-15.258677706863999,8.302552391999999,1
2028-08-01,36,2028,8,0,25.0,-0.1105275160000001,-0.036842505333333365,-4.28523598,-7.7009172616,-9.926513098000001,4.28523598,1
2028-09-01,36,2028,9,0,25.0,-1.9419814200000003,-0.6473271400000001,-0.4690169316000006,-3.3320596824,-5.229793025280001,0.4690169316000006,1
2028-10-01,36,2028,10,0,25.0,-3.8512961208,-1.2837653735999999,1.3328814924000003,-2.0795213514,-4.410778835976002,0.0,1
2028-11-01,36,2028,11,0,25.0,-7.9810654224,-2.6603551408,0.8636713446000002,-2.65507371,-4.564384397160001,0.0,1
2028-12-01,36,2028,12,0,25.0,-11.4163080512,-3.8054360170666666,-1.6908100358000002,-4.901581479499999,-7.31831420948,1.6908100358000002,1
2029-01-01,36,2029,1,0,25.0,-7.4691683664,-2.4897227888,1.5174617825999999,-1.9004911568999994,-4.261847099160001,0.0,1
2029-02-01,36,2029,2,0,25.0,-9.8829631672,-3.294321055733333,-3.3254360415999997,-6.076074724,-7.604030777800001,3.3254360415999997,1
2029-03-01,36,2029,3,0,25.0,-3.6907653300000005,-1.23025511,0.300736120799999,-2.2341070608000004,-4.380229740000001,0.0,1
2029-04-01,36,2029,4,0,25.0,7.9069738032,2.6356579343999997,7.637534426399999,5.348129354999999,2.6646230876159978,0.0,1
2029-05-01,36,2029,5,0,25.0,5.5853300824000005,1.8617766941333336,2.793316267600001,-0.41684134399999984,-2.916282396271999,0.0,1
2029-06-01,36,2029,6,0,25.0,2.8086412840000006,0.9362137613333336,-1.0701229675999997,-5.520450428,-9.038623554800001,1.0701229675999997,1
2029-07-01,36,2029,7,0,25.0,2.7678827928,0.9226275976,-4.3454031288,-8.802121380600001,-11.301528443664,4.3454031288,1
2029-08-01,36,2029,8,0,25.0,-24.804799106399997,-8.268266368799999,-28.979507570399996,-32.395188852,-34.6207846884,28.979507570399996,1
2029-09-01,36,2029,9,0,25.0,-0.6769869375999997,-0.22566231253333324,0.7959775508,-2.0670651999999996,-3.9647985428800006,0.0,1
2029-10-01,36,2029,10,0,25.0,-2.6039790976000003,-0.8679930325333335,2.5801985156,-0.8322043282000005,-3.1634618127760024,0.0,1
2029-11-01,36,2029,11,0,25.0,-6.5434883736,-2.1811627912,2.3012483934000008,-1.2174966611999993,-3.1268073483600003,0.0,1
2029-12-01,36,2029,12,0,25.0,-6.423396286,-2.1411320953333335,3.3021017293999995,0.09133028570000068,-2.3254024442800008,0.0,1
2030-01-01,36,2030,1,0,25.0,-5.7136055720000005,-1.9045351906666668,3.2730245769999993,-0.14492836249999996,-2.5062843047600016,0.0,1
2030-02-01,36,2030,2,0,25.0,-7.6450956984000005,-2.5483652328,-1.0875685728000004,-3.8382072552000004,-5.366163309000002,1.0875685728000004,1
2030-03-01,36,2030,3,0,25.0,-1.2826749128000003,-0.4275583042666668,2.7088265379999994,0.17398335639999973,-1.972139322800001,0.0,1
2030-04-01,36,2030,4,0,25.0,-2.4671696103999996,-0.8223898701333332,-2.7366089872,-5.0260140585999995,-7.709520325984002,2.7366089872,1
2030-05-01,36,2030,5,0,25.0,-0.3453786704000006,-0.11512622346666686,-3.1373924852,-6.347550096800001,-8.846991149072,3.1373924852,1
2030-06-01,36,2030,6,0,25.0,5.8409689151999995,1.9469896383999998,1.9622046635999992,-2.488122796800001,-6.0062959236000015,0.0,1
2030-07-01,36,2030,7,0,25.0,13.42000065024,4.47333355008,6.30671472864,1.8499964768399995,-0.6494105862239987,0.0,1
2030-08-01,36,2030,8,0,25.0,7.695752350399999,2.5652507834666665,3.5210438863999993,0.10536260479999981,-2.120233231600002,0.0,1
2030-09-01,36,2030,9,0,25.0,0.5679675984000008,0.18932253280000025,2.0409320868000007,-0.8221106639999991,-2.71984400688,0.0,1
2030-10-01,36,2030,10,0,25.0,-10.998142915999999,-3.6660476386666665,-5.813965302799999,-9.226368146599999,-11.557625631176002,5.813965302799999,1
2030-11-01,36,2030,11,0,25.0,-8.892972874,-2.9643242913333334,-0.04823610699999925,-3.5669811615999993,-5.476291848760001,0.04823610699999925,1
2030-12-01,36,2030,12,0,25.0,-14.346744298199999,-4.782248099399999,-4.6212462828,-7.832017726499998,-10.24875045648,4.6212462828,1
2031-01-01,36,2031,1,0,25.0,-9.1009664836,-3.0336554945333334,-0.11433633460000081,-3.5322892741,-5.893645216360001,0.11433633460000081,1
2031-02-01,36,2031,2,0,25.0,-4.0742113132,-1.3580704377333335,2.4833158124,-0.2673228700000001,-1.7952789238000015,0.0,1
2031-03-01,36,2031,3,0,25.0,-2.532095928,-0.844031976,1.4594055227999996,-1.0754376587999999,-3.2215603380000006,0.0,1
2031-04-01,36,2031,4,0,25.0,0.8716877176,0.29056257253333334,0.6022483407999997,-1.6871567306,-4.370662997984002,0.0,1
2031-05-01,36,2031,5,0,25.0,1.973122889599999,0.6577076298666663,-0.8188909252000003,-4.029048536800001,-6.5284895890720005,0.8188909252000003,1
2031-06-01,36,2031,6,0,25.0,4.0884052208,1.3628017402666668,0.20964096920000008,-4.2406864912,-7.758859618000001,0.0,1
2031-07-01,36,2031,7,0,25.0,-1.8695411615999995,-0.6231803871999998,-8.9828270832,-13.439545335,-15.938952398063998,8.9828270832,1
2031-08-01,36,2031,8,0,25.0,-0.47385136240000003,-0.15795045413333333,-4.6485598264,-8.064241108,-10.289836944400001,4.6485598264,1
2031-09-01,36,2031,9,0,25.0,-1.0447110183999997,-0.34823700613333325,0.42825347,-2.4347892807999996,-4.332522623680001,0.0,1
2031-10-01,36,2031,10,0,25.0,0.2880831790399999,0.09602772634666663,5.47226079224,2.05985794844,-0.2713995361360021,0.0,1
2031-11-01,36,2031,11,0,25.0,-2.9573883303999997,-0.9857961101333332,5.887348436600001,2.3686033820000008,0.4592926948399998,0.0,1
2031-12-01,36,2031,12,0,25.0,-7.8032291112,-2.6010763704,1.9222689041999992,-1.2885025394999996,-3.705235269480001,0.0,1
2032-01-01,36,2032,1,0,25.0,-13.441385918799998,-4.480461972933333,-4.454755769799998,-7.872708709299998,-10.234064651559999,4.454755769799998,1
2032-02-01,36,2032,2,0,25.0,-5.9045421088,-1.9681807029333334,0.6529850167999998,-2.0976536656,-3.6256097194000017,0.0,1
2032-03-01,36,2032,3,0,25.0,-3.9688906912000004,-1.3229635637333335,0.022610759599999142,-2.5122324220000003,-4.6583551012000015,0.0,1
2032-04-01,36,2032,4,0,25.0,-9.368227948800001,-3.1227426496000006,-9.637667325600002,-11.927072397000002,-14.610578664384004,9.637667325600002,1
2032-05-01,36,2032,5,0,25.0,8.05134310256,2.683781034186667,5.259329287760002,2.0491716761600003,-0.4502693761119989,0.0,1
2032-06-01,36,2032,6,0,25.0,14.11525648736,4.705085495786666,10.23649223576,5.78616477536,2.267991648559999,0.0,1
2032-07-01,36,2032,7,0,25.0,-0.6481734368000005,-0.21605781226666684,-7.761459358400001,-12.218177610200001,-14.717584673264,7.761459358400001,1
2032-08-01,36,2032,8,0,25.0,-11.480928495999999,-3.826976165333333,-15.655636959999999,-19.071318241599997,-21.296914078,15.655636959999999,1
2032-09-01,36,2032,9,0,25.0,-14.003964356000001,-4.667988118666667,-12.530999867600002,-15.3940426184,-17.291775961280003,12.530999867600002,1
2032-10-01,36,2032,10,0,25.0,-13.135724459999999,-4.37857482,-7.951546846799999,-11.363949690599998,-13.695207175176002,7.951546846799999,1
2032-11-01,36,2032,11,0,25.0,-13.587787136000003,-4.529262378666668,-4.743050369000002,-8.261795423600002,-10.171106110760004,4.743050369000002,1
2032-12-01,36,2032,12,0,25.0,-8.1022839428,-2.7007613142666664,1.6232140725999997,-1.587557371099999,-4.0042901010800005,0.0,1
2033-01-01,36,2033,1,0,25.0,-6.595501638000001,-2.1985005460000004,2.391128510999999,-1.0268244285000003,-3.388180370760002,0.0,1
2033-02-01,36,2033,2,0,25.0,-7.5126539408,-2.5042179802666666,-0.9551268151999999,-3.7057654976,-5.233721551400001,0.9551268151999999,1
2033-03-01,36,2033,3,0,25.0,-4.089090393199999,-1.3630301310666664,-0.09758894239999982,-2.6324321239999993,-4.7785548032000005,0.09758894239999982,1
2033-04-01,36,2033,4,0,25.0,1.5057822351999999,0.5019274117333333,1.2363428583999996,-1.053062213,-3.736568480384002,0.0,1
2033-05-01,36,2033,5,0,25.0,8.4413588808,2.8137862935999998,5.649345066,2.439187454399999,-0.06025359787200024,0.0,1
2033-06-01,36,2033,6,0,25.0,-3.2694562383999997,-1.0898187461333333,-7.14822049,-11.5985479504,-15.116721077200001,7.14822049,1
2033-07-01,36,2033,7,0,25.0,13.155429599552,4.385143199850667,6.042143677952001,1.5854254261519998,-0.9139816369119984,0.0,1
2033-08-01,36,2033,8,0,25.0,0.6185236976000001,0.20617456586666671,-3.5561847664,-6.971866047999999,-9.197461884400001,3.5561847664,1
2033-09-01,36,2033,9,0,25.0,-10.6773152896,-3.559105096533333,-9.2043508012,-12.067393551999999,-13.965126894880001,9.2043508012,1
2033-10-01,36,2033,10,0,25.0,-5.146454815199999,-1.7154849383999997,0.03772279800000078,-3.3746800457999995,-5.705937530376001,0.0,1
2033-11-01,36,2033,11,0,25.0,-12.799613402399999,-4.266537800799999,-3.954876635399998,-7.473621689999998,-9.38293237716,3.954876635399998,1
2033-12-01,36,2033,12,0,25.0,-16.8656778974,-5.621892632466667,-7.140179882000002,-10.3509513257,-12.767684055680002,7.140179882000002,1
2034-01-01,36,2034,1,0,25.0,-8.7432419148,-2.9144139716,0.24338823419999933,-3.1745647053,-5.535920647560001,0.0,1
2034-02-01,36,2034,2,0,25.0,-4.2939278476,-1.4313092825333333,2.263599278,-0.48703940439999993,-2.0149954582000014,0.0,1
2034-03-01,36,2034,3,0,25.0,-13.127029942,-4.375676647333333,-9.1355284912,-11.6703716728,-13.816494352000001,9.1355284912,1
2034-04-01,36,2034,4,0,25.0,2.8565599984,0.9521866661333332,2.5871206215999996,0.29771555019999996,-2.385790717184002,0.0,1
2034-05-01,36,2034,5,0,25.0,3.399711836,1.1332372786666667,0.6076980212000005,-2.6024595904000005,-5.101900642672,0.0,1
2034-06-01,36,2034,6,0,25.0,-3.0781758800000008,-1.026058626666667,-6.9569401316000015,-11.407267592,-14.925440718800001,6.9569401316000015,1
2034-07-01,36,2034,7,0,25.0,7.994884494400001,2.6649614981333336,0.8815985728000006,-3.575119679,-6.074526742063998,0.0,1
2034-08-01,36,2034,8,0,25.0,4.8411261344,1.6137087114666666,0.6664176703999996,-2.7492636112,-4.974859447600002,0.0,1
2034-09-01,36,2034,9,0,25.0,1.5140306207999998,0.5046768735999999,2.9869951091999996,0.12395235839999996,-1.773780984480001,0.0,1
2034-10-01,36,2034,10,0,25.0,-7.461558807199999,-2.4871862690666666,-2.2773811939999993,-5.689784037799999,-8.021041522376002,2.2773811939999993,1
2034-11-01,36,2034,11,0,25.0,-5.5423124632,-1.8474374877333333,3.3024243038000005,-0.21632075079999957,-2.1256314379600005,0.0,1
2034-12-01,36,2034,12,0,25.0,-10.161990832,-3.3873302773333336,-0.4364928166000013,-3.6472642603,-6.0639969902800015,0.4364928166000013,1
2035-01-01,36,2035,1,0,25.0,-12.8403022916,-4.280100763866667,-3.8536721426000007,-7.2716250821,-9.632981024360001,3.8536721426000007,1
2035-02-01,36,2035,2,0,25.0,-6.1730203748,-2.0576734582666667,0.38450675079999996,-2.3661319316,-3.8940879854000015,0.0,1
2035-03-01,36,2035,3,0,25.0,-2.42688146,-0.8089604866666668,1.5646199907999994,-0.9702231908000001,-3.116345870000001,0.0,1
2035-04-01,36,2035,4,0,25.0,2.7226059319999996,0.9075353106666665,2.4531665551999993,0.16376148379999966,-2.5197447835840023,0.0,1
2035-05-01,36,2035,5,0,25.0,3.5383078216,1.1794359405333334,0.7462940068000008,-2.4638636048,-4.963304657071999,0.0,1
2035-06-01,36,2035,6,0,25.0,8.2802258176,2.7600752725333333,4.401461566,-0.04886589440000044,-3.567039021200001,0.0,1
2035-07-01,36,2035,7,0,25.0,13.252054042080001,4.41735134736,6.138768120480001,1.68204986868,-0.8173571943839981,0.0,1
2035-08-01,36,2035,8,0,25.0,2.22190774,0.7406359133333332,-1.9528007240000003,-5.3684820056,-7.594077842000002,1.9528007240000003,1
2035-09-01,36,2035,9,0,25.0,-3.1628221935999994,-1.054274064533333,-1.6898577051999997,-4.552900456,-6.45063379888,1.6898577051999997,1
2035-10-01,36,2035,10,0,25.0,-10.596903233199999,-3.532301077733333,-5.412725619999999,-8.825128463799999,-11.156385948376002,5.412725619999999,1
2035-11-01,36,2035,11,0,25.0,-4.0049255232,-1.3349751744,4.839811243800001,1.3210661892000006,-0.5882444979600003,0.0,1
2035-12-01,36,2035,12,0,25.0,-7.662967652399999,-2.5543225508,2.0625303630000005,-1.1482410806999983,-3.5649738106799997,0.0,1
2036-01-01,36,2036,1,0,25.0,-11.712634484,-3.904211494666667,-2.7260043350000007,-6.1439572745,-8.505313216760001,2.7260043350000007,1
2036-02-01,36,2036,2,0,25.0,-6.0771559428,-2.0257186476,0.4803711827999999,-2.2702674996,-3.7982235534000015,0.0,1
2036-03-01,36,2036,3,0,25.0,-2.8328178176,-0.9442726058666667,1.1586836331999995,-1.3761595484,-3.5222822276000008,0.0,1
2036-04-01,36,2036,4,0,25.0,1.0132296248,0.33774320826666665,0.7437902479999996,-1.5456148234,-4.229121090784002,0.0,1
2036-05-01,36,2036,5,0,25.0,10.4617640808,3.4872546936,7.669750266000001,4.4595926544,1.9601516021280005,0.0,1
2036-06-01,36,2036,6,0,25.0,4.0641303816,1.3547101272,0.1853661299999998,-4.2649613304,-7.783134457200001,0.0,1
2036-07-01,36,2036,7,0,25.0,3.3037760984000006,1.1012586994666669,-3.8095098231999995,-8.266228075,-10.765635138063999,3.8095098231999995,1
2036-08-01,36,2036,8,0,25.0,4.443860023199999,1.4812866743999997,0.2691515591999991,-3.1465297224000004,-5.372125558800002,0.0,1
2036-09-01,36,2036,9,0,25.0,-2.5822149792,-0.8607383264,-1.1092504908000005,-3.9722932416,-5.8700265844800015,1.1092504908000005,1
2036-10-01,36,2036,10,0,25.0,-2.6920249824000004,-0.8973416608000001,2.4921526307999997,-0.9202502130000005,-3.2515076975760024,0.0,1
2036-11-01,36,2036,11,0,25.0,-6.1385782748,-2.046192758266667,2.7061584922,-0.8125865623999999,-2.721897249560001,0.0,1
2036-12-01,36,2036,12,0,25.0,-10.094745320000001,-3.364915106666667,-0.36924730460000177,-3.5800187483000006,-5.996751478280002,0.36924730460000177,1
2037-01-01,36,2037,1,0,25.0,-2.4061061963999997,-0.8020353987999999,6.5805239526,3.162571013100001,0.8012150708399992,0.0,1
2037-02-01,36,2037,2,0,25.0,-3.5203723636,-1.1734574545333334,3.037154762,0.28651607960000014,-1.2414399742000013,0.0,1
2037-03-01,36,2037,3,0,25.0,1.1334637992,0.3778212664,5.12496525,2.5901220684000004,0.4439993891999994,0.0,1
2037-04-01,36,2037,4,15,25.0,5.286440824,1.7621469413333333,5.017001447199999,2.7275963757999997,0.0440901084159977,0.0,1
2037-05-01,36,2037,5,0,25.0,-1.782400312,-0.5941334373333333,-4.574414126799999,-7.7845717384,-10.284012790672,4.574414126799999,1
2037-06-01,36,2037,6,0,25.0,5.9485809784,1.9828603261333333,2.0698167267999996,-2.3805107336000004,-5.898683860400001,0.0,1
2037-07-01,36,2037,7,0,25.0,7.0529252904,2.3509750968,-0.060360631200000014,-4.517078883000001,-7.016485946063999,0.060360631200000014,1
2037-08-01,36,2037,8,0,25.0,5.6819693728,1.8939897909333334,1.5072609088000002,-1.9084203727999993,-4.134016209200001,0.0,1
2037-09-01,36,2037,9,0,25.0,2.3549970744,0.7849990248,3.8279615627999997,0.9649188120000001,-0.9328145308800009,0.0,1
2037-10-01,36,2037,10,0,25.0,-12.9036447016,-4.301214900533333,-7.719467088399999,-11.131869932199999,-13.463127416776,7.719467088399999,1
2037-11-01,36,2037,11,0,25.0,-15.702027907999998,-5.234009302666666,-6.8572911409999975,-10.376036195599998,-12.285346882759999,6.8572911409999975,1
2037-12-01,36,2037,12,0,25.0,-4.043257752400001,-1.3477525841333335,5.682240262999999,2.4714688193,0.054736089319998626,0.0,1
2038-01-01,36,2038,1,0,25.0,-9.809292002800001,-3.2697640009333337,-0.8226618538000015,-4.240614793300001,-6.601970735560002,0.8226618538000015,1
2038-02-01,36,2038,2,0,25.0,-11.977997026,-3.9926656753333334,-5.4204699004000005,-8.1711085828,-9.699064636600003,5.4204699004000005,1
2038-03-01,36,2038,3,0,25.0,-8.083562936400002,-2.6945209788000004,-4.092061485600002,-6.626904667200002,-8.773027346400003,4.092061485600002,1
2038-04-01,36,2038,4,0,25.0,1.1619560472000001,0.38731868240000006,0.8925166703999998,-1.3968884009999998,-4.0803946683840016,0.0,1
2038-05-01,36,2038,5,0,25.0,3.6201356695999998,1.2067118898666667,0.8281218548000004,-2.3820357568000006,-4.881476809072,0.0,1
2038-06-01,36,2038,6,0,25.0,2.1250333495999993,0.7083444498666664,-1.753730902000001,-6.204058362400001,-9.722231489200002,1.753730902000001,1
2038-07-01,36,2038,7,0,25.0,-1.6101590488,-0.5367196829333333,-8.7234449704,-13.180163222200001,-15.679570285263999,8.7234449704,1
2038-08-01,36,2038,8,0,25.0,2.9884537400000006,0.9961512466666669,-1.1862547239999994,-4.601936005599999,-6.827531842000001,1.1862547239999994,1
2038-09-01,36,2038,9,0,25.0,-2.0532278120000003,-0.6844092706666668,-0.5802633236000005,-3.4433060744,-5.341039417280001,0.5802633236000005,1
2038-10-01,36,2038,10,0,25.0,-0.4962620320000002,-0.1654206773333334,4.6879155812,1.2755127373999997,-1.0557447471760022,0.0,1
2038-11-01,36,2038,11,0,25.0,-20.40300491,-6.801001636666666,-11.558268143,-15.0770131976,-16.98632388476,11.558268143,1
2038-12-01,36,2038,12,0,25.0,-15.9640625632,-5.321354187733333,-6.238564547800001,-9.4493359915,-11.866068721480001,6.238564547800001,1
2039-01-01,36,2039,1,0,25.0,-10.49361075,-3.49787025,-1.5069806010000004,-4.9249335405,-7.286289482760001,1.5069806010000004,1
2039-02-01,36,2039,2,0,25.0,-7.31215551,-2.43738517,-0.7546283844000001,-3.5052670668,-5.0332231206000015,0.7546283844000001,1
2039-03-01,36,2039,3,0,25.0,-4.2155133704,-1.4051711234666666,-0.22401191960000055,-2.7588551012,-4.904977780400001,0.22401191960000055,1
2039-04-01,36,2039,4,0,25.0,-4.9060966248,-1.6353655416,-5.1755360016,-7.464941073,-10.148447340384003,5.1755360016,1
2039-05-01,36,2039,5,0,25.0,-0.6081675768000001,-0.20272252560000004,-3.4001813915999994,-6.6103390032,-9.109780055472,3.4001813915999994,1
2039-06-01,36,2039,6,0,25.0,-2.7937749696,-0.9312583231999999,-6.6725392212,-11.1228666816,-14.6410398084,6.6725392212,1
2039-07-01,36,2039,7,0,25.0,6.0645759544,2.0215253181333335,-1.0487099671999998,-5.505428219000001,-8.004835282063999,1.0487099671999998,1
2039-08-01,36,2039,8,0,25.0,0.939331116,0.31311037199999997,-3.235377348,-6.6510586296,-8.876654466000002,3.235377348,1
2039-09-01,36,2039,9,0,25.0,-0.36675592400000046,-0.12225197466666682,1.1062085643999993,-1.7568341864000003,-3.6545675292800013,0.0,1
2039-10-01,36,2039,10,0,25.0,-5.3951017044,-1.7983672348,-0.21092409119999989,-3.623326935,-5.954584419576002,0.21092409119999989,1
2039-11-01,36,2039,11,0,25.0,-6.3642535616,-2.121417853866667,2.4804832054000006,-1.0382618491999995,-2.9475725363600005,0.0,1
2039-12-01,36,2039,12,0,25.0,-11.003763156,-3.667921052,-1.2782651406000003,-4.489036584299999,-6.9057693142800005,1.2782651406000003,1
2040-01-01,36,2040,1,0,25.0,-5.2000766716,-1.7333588905333333,3.7865534774,0.3686005379000008,-1.9927554043600009,0.0,1
2040-02-01,36,2040,2,0,25.0,-0.58623012072,-0.19541004024,5.97129700488,3.2206583224800003,1.6927022686799986,0.0,1
2040-03-01,36,2040,3,0,25.0,-5.0439430432000005,-1.6813143477333334,-1.052441592400001,-3.5872847740000005,-5.733407453200002,1.052441592400001,1
2040-04-01,36,2040,4,0,25.0,1.8293488880000002,0.6097829626666668,1.5599095111999999,-0.7294955601999997,-3.4130018275840017,0.0,1
2040-05-01,36,2040,5,0,25.0,5.1716496824,1.7238832274666667,2.3796358676000007,-0.8305217440000003,-3.3299627962719995,0.0,1
2040-06-01,36,2040,6,0,25.0,4.237106343200001,1.412368781066667,0.3583420916000004,-4.0919853688,-7.6101584956,0.0,1
2040-07-01,36,2040,7,0,25.0,8.0657649928,2.6885883309333334,0.9524790712,-3.504239180600001,-6.003646243663999,0.0,1
2040-08-01,36,2040,8,0,25.0,10.60772944832,3.535909816106667,6.433020984320001,3.017339702720001,0.7917438663199992,0.0,1
2040-09-01,36,2040,9,0,25.0,-7.964621632000001,-2.654873877333334,-6.491657143600001,-9.354699894400001,-11.252433237280002,6.491657143600001,1
2040-10-01,36,2040,10,0,25.0,-4.892954319999999,-1.6309847733333331,0.29122329320000073,-3.1211795505999995,-5.452437035176001,0.0,1
2040-11-01,36,2040,11,0,25.0,-5.250724334399999,-1.7502414447999997,3.5940124326000014,0.07526737800000127,-1.8340433091599997,0.0,1
2040-12-01,36,2040,12,0,25.0,-4.9715170128,-1.6571723375999998,4.7539810026,1.543209558900001,-0.8735231710800004,0.0,1
2041-01-01,36,2041,1,0,25.0,-5.547035746000001,-1.8490119153333335,3.439594402999999,0.021641463499999958,-2.3397144787600017,0.0,1
2041-02-01,36,2041,2,0,25.0,-16.172895792400002,-5.390965264133334,-9.615368666800002,-12.366007349200002,-13.893963403000004,9.615368666800002,1
2041-03-01,36,2041,3,0,25.0,0.3216862664000002,0.10722875546666673,4.3131877172,1.7783445356000003,-0.3677781436000005,0.0,1
2041-04-01,36,2041,4,0,25.0,-0.20744477919999982,-0.06914825973333327,-0.4768841560000001,-2.7662892273999997,-5.449795494784002,0.4768841560000001,1
2041-05-01,36,2041,5,0,25.0,7.4860789504000005,2.4953596501333335,4.694065135600001,1.4839075240000001,-1.015533528271999,0.0,1
2041-06-01,36,2041,6,0,25.0,11.076563692,3.6921878973333335,7.197799440400001,2.7474719800000003,-0.7707011468000005,0.0,1
2041-07-01,36,2041,7,0,25.0,4.494675331200001,1.4982251104000002,-2.6186105903999994,-7.0753288422,-9.574735905264,2.6186105903999994,1
2041-08-01,36,2041,8,0,25.0,9.748169193919999,3.249389731306666,5.573460729919999,2.1577794483199995,-0.06781638808000245,0.0,1
2041-09-01,36,2041,9,0,25.0,2.89559584,0.9651986133333333,4.368560328399999,1.5055175776,-0.3922157652800009,0.0,1
2041-10-01,36,2041,10,0,25.0,2.33457231744,0.77819077248,7.51874993064,4.10634708684,1.7750896022639981,0.0,1
2041-11-01,36,2041,11,0,25.0,-10.2908260932,-3.4302753644,-1.4460893261999992,-4.964834380799999,-6.874145067960001,1.4460893261999992,1
2041-12-01,36,2041,12,0,25.0,-9.6180550114,-3.206018337133333,0.10744300400000029,-3.1033284396999985,-5.52006116968,0.0,1
2042-01-01,36,2042,1,0,25.0,-7.017277096800001,-2.3390923656000004,1.969353052199999,-1.4485998873000003,-3.809955829560002,0.0,1
2042-02-01,36,2042,2,0,25.0,-11.516511952800002,-3.838837317600001,-4.958984827200002,-7.709623509600002,-9.237579563400004,4.958984827200002,1
2042-03-01,36,2042,3,0,25.0,-9.792630076,-3.2642100253333335,-5.8011286252000005,-8.3359718068,-10.482094486000001,5.8011286252000005,1
2042-04-01,36,2042,4,0,25.0,4.61939258464,1.5397975282133334,4.34995320784,2.06054813644,-0.622958130944002,0.0,1
2042-05-01,36,2042,5,0,25.0,1.5508874464000002,0.5169624821333334,-1.2411263683999991,-4.45128398,-6.950725032272,1.2411263683999991,1
2042-06-01,36,2042,6,0,25.0,9.547790155200001,3.1825967184000006,5.6690259036000015,1.218698443200001,-2.2994746835999997,0.0,1
2042-07-01,36,2042,7,0,25.0,17.453156164896,5.8177187216320005,10.339870243296001,5.883151991496,3.3837449284320016,0.0,1
2042-08-01,36,2042,8,0,25.0,4.823593056,1.607864352,0.6488845919999999,-2.7667966895999996,-4.9923925260000015,0.0,1
2042-09-01,36,2042,9,0,25.0,-6.370800707999999,-2.1236002359999997,-4.897836219599999,-7.7608789703999985,-9.658612313279999,4.897836219599999,1
2042-10-01,36,2042,10,0,25.0,-9.705353756800001,-3.2351179189333337,-4.521176143600001,-7.933578987400001,-10.264836471976004,4.521176143600001,1
2042-11-01,36,2042,11,0,25.0,-2.1043605108000003,-0.7014535036000001,6.7403762562,3.2216312016,1.3123205144399992,0.0,1
2042-12-01,36,2042,12,0,25.0,-9.8754440236,-3.291814674533333,-0.1499460082000006,-3.3607174518999994,-5.777450181880001,0.1499460082000006,1
2043-01-01,36,2043,1,0,25.0,-13.1323915604,-4.377463853466667,-4.1457614114000005,-7.5637143509,-9.925070293160001,4.1457614114000005,1
2043-02-01,36,2043,2,0,25.0,-1.5575306912,-0.5191768970666667,4.9999964344,2.249357752,0.7214016981999987,0.0,1
2043-03-01,36,2043,3,0,25.0,-19.31848771,-6.439495903333333,-15.3269862592,-17.8618294408,-20.00795212,15.3269862592,1
2043-04-01,36,2043,4,0,25.0,-1.9421812887999994,-0.6473937629333332,-2.2116206656,-4.501025736999999,-7.1845320043840015,2.2116206656,1
2043-05-01,36,2043,5,0,25.0,1.7520283440000002,0.5840094480000001,-1.0399854707999991,-4.2501430824,-6.749584134671999,1.0399854707999991,1
2043-06-01,36,2043,6,0,25.0,3.8749846608000005,1.2916615536000002,-0.003779590799999788,-4.454107051199999,-7.972280178,0.003779590799999788,1
2043-07-01,36,2043,7,0,25.0,13.356903458207999,4.452301152735999,6.2436175366079985,1.7868992848079976,-0.7125077782560005,0.0,1
2043-08-01,36,2043,8,0,25.0,8.4646213024,2.821540434133333,4.289912838399999,0.8742315567999999,-1.351364279600002,0.0,1
2043-09-01,36,2043,9,0,25.0,-6.9928944456,-2.3309648152,-5.5199299572000005,-8.382972708,-10.280706050880001,5.5199299572000005,1
2043-10-01,36,2043,10,0,25.0,-11.2887121304,-3.762904043466667,-6.1045345172,-9.516937361,-11.848194845576003,6.1045345172,1
2043-11-01,36,2043,11,0,25.0,-4.6368446592,-1.5456148864,4.2078921078,0.6891470532000001,-1.2201636339600008,0.0,1
2043-12-01,36,2043,12,0,25.0,-2.2840149278,-0.7613383092666667,7.4414830876,4.230711643900001,1.8139789139199993,0.0,1
2044-01-01,36,2044,1,0,25.0,-10.5261892304,-3.5087297434666667,-1.5395590814000002,-4.957512020899999,-7.318867963160001,1.5395590814000002,1
2044-02-01,36,2044,2,0,25.0,-6.6180441584,-2.206014719466667,-0.06051703279999998,-2.8111557152,-4.339111769000001,0.06051703279999998,1
2044-03-01,36,2044,3,0,25.0,0.9758620576000002,0.3252873525333334,4.9673635084,2.4325203268,0.2863976475999995,0.0,1
2044-04-01,36,2044,4,0,25.0,5.99759919952,1.9991997331733333,5.7281598227199995,3.43875475132,0.7552484839359979,0.0,1
2044-05-01,36,2044,5,0,25.0,1.6874680047999995,0.5624893349333332,-1.1045458099999999,-4.314703421600001,-6.814144473872,1.1045458099999999,1
2044-06-01,36,2044,6,0,25.0,5.9981263272000005,1.9993754424,2.1193620756000002,-2.3309653848,-5.8491385116000005,0.0,1
2044-07-01,36,2044,7,0,25.0,13.731850444320001,4.57728348144,6.618564522720001,2.16184627092,-0.33756079214399826,0.0,1
2044-08-01,36,2044,8,0,25.0,9.4675360376,3.1558453458666667,5.2928275736,1.8771462920000008,-0.3484495444000011,0.0,1
2044-09-01,36,2044,9,0,25.0,3.6855358568,1.2285119522666668,5.1585003452,2.2954575944,0.39772425151999924,0.0,1
2044-10-01,36,2044,10,0,25.0,-3.0845291752,-1.0281763917333333,2.099648438,-1.3127544058000002,-3.644011890376002,0.0,1
2044-11-01,36,2044,11,0,25.0,-10.9075787952,-3.6358595983999997,-2.0628420281999986,-5.581587082799999,-7.49089776996,2.0628420281999986,1
2044-12-01,36,2044,12,0,25.0,-4.720235382399999,-1.5734117941333332,5.005262633,1.7944911893000013,-0.6222415406800001,0.0,1
2045-01-01,36,2045,1,0,25.0,-5.730394134800001,-1.910131378266667,3.256236014199999,-0.16171692530000037,-2.523072867560002,0.0,1
2045-02-01,36,2045,2,0,25.0,-8.2688020716,-2.7562673572,-1.7112749459999996,-4.4619136284,-5.989869682200001,1.7112749459999996,1
2045-03-01,36,2045,3,0,25.0,-6.41851894,-2.1395063133333334,-2.4270174892000007,-4.9618606708,-7.107983350000001,2.4270174892000007,1
2045-04-01,36,2045,4,0,25.0,-5.3210986416,-1.7736995472,-5.5905380184,-7.879943089799999,-10.563449357184002,5.5905380184,1
2045-05-01,36,2045,5,0,25.0,7.6279067672,2.5426355890666668,4.8358929524,1.6257353407999995,-0.8737057114719997,0.0,1
2045-06-01,36,2045,6,0,25.0,12.2389977328,4.0796659109333335,8.3602334812,3.9099060207999994,0.39173289399999867,0.0,1
2045-07-01,36,2045,7,0,25.0,14.48427595152,4.82809198384,7.370990029920001,2.91427177812,0.41486471505600164,0.0,1
2045-08-01,36,2045,8,0,25.0,2.5890727391999997,0.8630242463999999,-1.5856357248000004,-5.0013170064,-7.226912842800002,1.5856357248000004,1
2045-09-01,36,2045,9,0,25.0,1.4700662448000001,0.49002208160000005,2.9430307331999996,0.07998798240000027,-1.8177453604800007,0.0,1
2045-10-01,36,2045,10,0,25.0,-8.000660271200001,-2.666886757066667,-2.816482658000001,-6.228885501800001,-8.560142986376004,2.816482658000001,1
2045-11-01,36,2045,11,0,25.0,-15.3732491896,-5.124416396533333,-6.528512422599999,-10.047257477199999,-11.95656816436,6.528512422599999,1
2045-12-01,36,2045,12,0,25.0,-12.075814652400002,-4.0252715508,-2.3503166370000024,-5.561088080700001,-7.977820810680003,2.3503166370000024,1
2046-01-01,36,2046,1,0,25.0,-7.137389092399999,-2.3791296974666665,1.8492410566000004,-1.5687118828999989,-3.9300678251600005,0.0,1
2046-02-01,36,2046,2,0,25.0,-3.1912435144,-1.0637478381333334,3.3662836112,0.6156449288000001,-0.9123111250000013,0.0,1
2046-03-01,36,2046,3,0,25.0,-2.6297307048000005,-0.8765769016000001,1.361770745999999,-1.1730724356000004,-3.319195114800001,0.0,1
2046-04-01,36,2046,4,0,25.0,1.5506552960000004,0.5168850986666668,1.2812159192,-1.0081891521999995,-3.6916954195840015,0.0,1
2046-05-01,36,2046,5,0,25.0,-3.2952511816000003,-1.0984170605333334,-6.0872649964,-9.297422608000002,-11.796863660271999,6.0872649964,1
2046-06-01,36,2046,6,0,25.0,11.52321666512,3.8410722217066664,7.64445241352,3.1941249531199993,-0.3240481736800014,0.0,1
2046-07-01,36,2046,7,0,25.0,6.467066203199999,2.1556887343999995,-0.6462197184000011,-5.102937970200002,-7.602345033264,0.6462197184000011,1
2046-08-01,36,2046,8,0,25.0,10.447622320799999,3.4825407736,6.272913856799999,2.8572325751999994,0.6316367387999975,0.0,1
2046-09-01,36,2046,9,0,25.0,5.62851702176,1.8761723405866666,7.101481510159999,4.238438759359999,2.3407054164799987,0.0,1
2046-10-01,36,2046,10,0,25.0,0.1092123464000001,0.0364041154666667,5.293389959600001,1.8809871158,-0.4502703687760019,0.0,1
2046-11-01,36,2046,11,0,25.0,-1.03500875992,-0.3450029199733333,7.80972800708,4.29098295248,2.3816722653199998,0.0,1
2046-12-01,36,2046,12,0,25.0,-8.070340651199999,-2.6901135503999996,1.6551573642000008,-1.555614079499998,-3.9723468094799994,0.0,1
2047-01-01,36,2047,1,0,25.0,-3.4443451760000006,-1.1481150586666669,5.542284972999999,2.1243320335,-0.23702390876000168,0.0,1
2047-02-01,36,2047,2,28,25.0,-2.3131481563999996,-0.7710493854666666,4.2443789692000005,1.4937402868000005,-0.03421576700000095,0.0,1
2047-03-01,36,2047,3,31,25.0,-3.9679937063999997,-1.3226645687999998,0.023507744399999808,-2.5113354371999996,-4.657458116400001,0.0,1
2047-04-01,36,2047,4,30,25.0,0.5399380215999998,0.17997934053333328,0.2704986447999995,-2.0189064266,-4.702412693984002,0.0,1
2047-05-01,36,2047,5,18,25.0,10.0967792888,3.3655930962666667,7.304765474000002,4.0946078624,1.595166810128001,0.0,1
2047-06-01,36,2047,6,0,25.0,-0.8830375400000001,-0.2943458466666667,-4.7618017916,-9.212129252,-12.730302378800001,4.7618017916,1
2047-07-01,36,2047,7,0,25.0,17.477427696543998,5.825809232181332,10.364141774943999,5.907423523143997,3.408016460079999,0.0,1
2047-08-01,36,2047,8,0,25.0,12.47681369968,4.158937899893333,8.30210523568,4.88642395408,2.6608281176799977,0.0,1
2047-09-01,36,2047,9,0,25.0,0.6019031727999999,0.20063439093333332,2.0748676612,-0.7881750895999999,-2.6859084324800007,0.0,1
2047-10-01,36,2047,10,0,25.0,1.3485371446399999,0.4495123815466666,6.53271475784,3.1203119140399997,0.7890544294639978,0.0,1
2047-11-01,36,2047,11,0,25.0,-5.5086456468,-1.8362152156,3.3360911202000008,-0.18265393439999933,-2.0919646215600003,0.0,1
2047-12-01,36,2047,12,0,25.0,-13.111776125999999,-4.370592041999999,-3.3862781105999993,-6.597049554299998,-9.01378228428,3.3862781105999993,1
2048-01-01,36,2048,1,0,25.0,-12.9970811024,-4.332360367466666,-4.0104509533999995,-7.428403892899999,-9.78975983516,4.0104509533999995,1
2048-02-01,36,2048,2,0,25.0,-1.9991143164,-0.6663714388,4.5584128092,1.8077741268,0.2798180729999986,0.0,1
2048-03-01,36,2048,3,0,25.0,-3.1570562896000003,-1.0523520965333335,0.8344451611999992,-1.7003980204000002,-3.846520699600001,0.0,1
2048-04-01,36,2048,4,2,25.0,-0.9937500264000001,-0.33125000880000005,-1.2631894032000004,-3.5525944746,-6.236100741984002,1.2631894032000004,1
2048-05-01,36,2048,5,0,25.0,4.3500947504,1.4500315834666668,1.558080935600001,-1.652076676,-4.151517728271999,0.0,1
2048-06-01,36,2048,6,0,25.0,3.4609334128,1.1536444709333333,-0.41783083880000005,-4.8681582992,-8.386331426000002,0.41783083880000005,1
2048-07-01,36,2048,7,0,25.0,-1.7388110120000002,-0.5796036706666667,-8.8520969336,-13.3088151854,-15.808222248463998,8.8520969336,1
2048-08-01,36,2048,8,0,25.0,-5.2736418656,-1.7578806218666667,-9.4483503296,-12.8640316112,-15.089627447600002,9.4483503296,1
2048-09-01,36,2048,9,0,25.0,-2.9715449352000003,-0.9905149784000001,-1.4985804468000006,-4.3616231976,-6.259356540480001,1.4985804468000006,1
2048-10-01,36,2048,10,0,25.0,-6.6998348964000005,-2.2332782988,-1.5156572832000004,-4.928060127,-7.2593176115760025,1.5156572832000004,1
2048-11-01,36,2048,11,0,25.0,-14.7312776988,-4.9104258996,-5.886540931799999,-9.4052859864,-11.31459667356,5.886540931799999,1
2048-12-01,36,2048,12,0,25.0,-8.0370232732,-2.6790077577333338,1.6884747421999986,-1.5222967015000002,-3.9390294314800016,0.0,1
2049-01-01,36,2049,1,0,25.0,-9.0373742556,-3.0124580852,-0.05074410659999984,-3.468697046099999,-5.83005298836,0.05074410659999984,1
2049-02-01,36,2049,2,0,25.0,-3.6638060288000003,-1.2212686762666667,2.8937210968,0.1430824143999998,-1.3848736394000016,0.0,1
2049-03-01,36,2049,3,0,25.0,-2.8187855256,-0.9395951752,1.1727159251999995,-1.3621272564,-3.5082499356000008,0.0,1
2049-04-01,36,2049,4,0,25.0,1.6437252184000004,0.5479084061333335,1.3742858416000001,-0.9151192297999995,-3.5986254971840017,0.0,1
2049-05-01,36,2049,5,0,25.0,10.06235428736,3.3541180957866668,7.270340472560001,4.0601828609599995,1.5607418086880003,0.0,1
2049-06-01,36,2049,6,0,25.0,12.15873147776,4.052910492586666,8.27996722616,3.8296397657599996,0.31146663895999893,0.0,1
2049-07-01,36,2049,7,0,25.0,7.483683914399999,2.4945613048,0.3703979927999992,-4.086320259000002,-6.585727322064,0.0,1
2049-08-01,36,2049,8,0,25.0,9.976305754399998,3.3254352514666663,5.801597290399998,2.385916008799999,0.16032017239999696,0.0,1
2049-09-01,36,2049,9,0,25.0,-0.9162819663999999,-0.3054273221333333,0.5566825219999998,-2.3063602288,-4.2040935716800005,0.0,1
2049-10-01,36,2049,10,0,25.0,0.5485805720000001,0.1828601906666667,5.7327581852,2.3203553414,-0.01090214317600191,0.0,1
2049-11-01,36,2049,11,0,25.0,-8.24686768,-2.748955893333333,0.5978690870000012,-2.920875967599999,-4.83018665476,0.0,1
2049-12-01,36,2049,12,0,25.0,-4.1866165332000005,-1.3955388444,5.538881482199999,2.3281100385,-0.08862269148000124,0.0,1
